trilha_nome,curso_nome,curso_link,modulo_id,modulo_nome,aula_id,aula_nome,aula_slug,aula_link
Comece por aqui,Comece por aqui,https://jornadadedados.alpaclass.com/c/cursos/OSYFn1?from=contents,113111,Seja bem-vindo!,575980,É o primeiro passo da jornada,Z9FQIW,https://jornadadedados.alpaclass.com/c/cursos/OSYFn1?lessonSlug=Z9FQIW
Comece por aqui,Comunidade Exclusiva no Whatsapp,https://jornadadedados.alpaclass.com/c/cursos/MRU5lp?from=contents,209288,"Faça parte da comunidade, link na descrição",1124123,https://chat.whatsapp.com/FLEMctP2Ofg8OGLTo77Sv1?mode=ems_copy_c,xgQO8O,https://jornadadedados.alpaclass.com/c/cursos/MRU5lp?lessonSlug=xgQO8O
Comece por aqui,Mentoria LinkedIn Profissional,https://jornadadedados.alpaclass.com/c/cursos/beRx3Z?from=contents,190962,LinkedIn Profissional,1035461,Aula,ZaVMFk,https://jornadadedados.alpaclass.com/c/cursos/beRx3Z?lessonSlug=ZaVMFk
Comece por aqui,Acelerador de Carreiras,https://jornadadedados.alpaclass.com/c/cursos/jC5WaB?from=contents,210448,Roadmap Personalizado,1130162,Apresentação Acelerador de Carreira,fRlTC8,https://jornadadedados.alpaclass.com/c/cursos/jC5WaB?lessonSlug=fRlTC8
Trilha de I.A. com n8n – Fundamentos,"Introdução ao n8n, Workflows e Agentes de IA",https://jornadadedados.alpaclass.com/c/cursos/peCqwg?from=contents,189266,Trilha n8n,1026655,Boas-vindas,K3ofmx,https://jornadadedados.alpaclass.com/c/cursos/peCqwg?lessonSlug=K3ofmx
Trilha de I.A. com n8n – Fundamentos,"Introdução ao n8n, Workflows e Agentes de IA",https://jornadadedados.alpaclass.com/c/cursos/peCqwg?from=contents,189266,Trilha n8n,1027966,Fundamentos,4h2a92,https://jornadadedados.alpaclass.com/c/cursos/peCqwg?lessonSlug=4h2a92
Trilha de I.A. com n8n – Fundamentos,Configuração do n8n Cloud e Deploy,https://jornadadedados.alpaclass.com/c/cursos/o5QeHf?from=contents,189274,Trilha n8n,1026664,Configurando sua conta n8n e Overview,xLFasq,https://jornadadedados.alpaclass.com/c/cursos/o5QeHf?lessonSlug=xLFasq
Trilha de I.A. com n8n – Fundamentos,"Integração com Google: Gmail, Calendar e Sheets",https://jornadadedados.alpaclass.com/c/cursos/9Em6RI?from=contents,189277,Trilha n8n,1026670,Integração com Google,X0bXuo,https://jornadadedados.alpaclass.com/c/cursos/9Em6RI?lessonSlug=X0bXuo
Trilha de I.A. com n8n – Fundamentos,Inteligência Artificial no n8n com ChatGPT,https://jornadadedados.alpaclass.com/c/cursos/qqaE6Q?from=contents,189276,Trilha n8n,1036361,Construindo nosso Agente do zero,dWJ9jr,https://jornadadedados.alpaclass.com/c/cursos/qqaE6Q?lessonSlug=dWJ9jr
Trilha de I.A. com n8n – Fundamentos,Inteligência Artificial no n8n com ChatGPT,https://jornadadedados.alpaclass.com/c/cursos/qqaE6Q?from=contents,189276,Trilha n8n,1026667,Apresentação e explicação do Workflow,IOUOeH,https://jornadadedados.alpaclass.com/c/cursos/qqaE6Q?lessonSlug=IOUOeH
Trilha de I.A. com n8n – Fundamentos,"Integração com Banco de Dados (Postgres, MySQL, ect)",https://jornadadedados.alpaclass.com/c/cursos/WdDbGh?from=contents,189278,Trilha n8n,1026671,Integrando n8n com bancos SQL,Yr5JDG,https://jornadadedados.alpaclass.com/c/cursos/WdDbGh?lessonSlug=Yr5JDG
Trilha de I.A. com n8n – Fundamentos,Automação com Whatsapp,https://jornadadedados.alpaclass.com/c/cursos/mYiv48?from=contents,189284,Trilha n8n,1026684,Automação com Whatsapp,4ESZ1E,https://jornadadedados.alpaclass.com/c/cursos/mYiv48?lessonSlug=4ESZ1E
Trilha de I.A. com n8n – Fundamentos,Setup com o Especialista Gustavo Pereira,https://jornadadedados.alpaclass.com/c/cursos/ch6HGF?from=contents,191017,Conteúdo,1035960,Setup,sE5qxk,https://jornadadedados.alpaclass.com/c/cursos/ch6HGF?lessonSlug=sE5qxk
Trilha de I.A. com n8n  – Projetos,Agente de E-mail Inteligente,https://jornadadedados.alpaclass.com/c/cursos/wOFnEP?from=contents,189286,Trilha n8n - Projeto Agente de E-mail,1026691,Agente de E-mail,NzW4DQ,https://jornadadedados.alpaclass.com/c/cursos/wOFnEP?lessonSlug=NzW4DQ
Trilha de I.A. com n8n  – Projetos,Agente Financeiro com Banco de Dados (SQL),https://jornadadedados.alpaclass.com/c/cursos/c3V1io?from=contents,189287,Trilha n8n - Agente Financeiro com banco de dados,1026694,Parte 01,kE5IVy,https://jornadadedados.alpaclass.com/c/cursos/c3V1io?lessonSlug=kE5IVy
Trilha de I.A. com n8n  – Projetos,Agente Financeiro com Banco de Dados (SQL),https://jornadadedados.alpaclass.com/c/cursos/c3V1io?from=contents,189287,Trilha n8n - Agente Financeiro com banco de dados,1058902,Parte 02,aMsgvD,https://jornadadedados.alpaclass.com/c/cursos/c3V1io?lessonSlug=aMsgvD
Trilha de I.A. com n8n  – Projetos,Agente Analista Inteligente e Gerador de Relatórios,https://jornadadedados.alpaclass.com/c/cursos/EQyK60?from=contents,189288,Trilha n8n - Agente Analista Inteligente e Gerador de Relatórios,1026695,Agente Analista Inteligente e Gerador de Relatórios,tlN3p8,https://jornadadedados.alpaclass.com/c/cursos/EQyK60?lessonSlug=tlN3p8
Trilha de I.A. com n8n  – Projetos,Agente I.A. Para Leitura Inteligente de Documentos (RAG),https://jornadadedados.alpaclass.com/c/cursos/1bQqTk?from=contents,189289,Trilha n8n - Agente I.A. Para Leitura Inteligente de Documentos,1067666,Parte 02 - Agente I.A. Para Leitura Inteligente de Documentos,4sIZmd,https://jornadadedados.alpaclass.com/c/cursos/1bQqTk?lessonSlug=4sIZmd
Trilha de I.A. com n8n  – Projetos,Agente I.A. Para Leitura Inteligente de Documentos (RAG),https://jornadadedados.alpaclass.com/c/cursos/1bQqTk?from=contents,189289,Trilha n8n - Agente I.A. Para Leitura Inteligente de Documentos,1026696,Parte 01 - Agente I.A. Para Leitura Inteligente de Documentos,1YWYG5,https://jornadadedados.alpaclass.com/c/cursos/1bQqTk?lessonSlug=1YWYG5
Trilha de I.A. com n8n  – Projetos,Agente Inteligente para Web Scraping Automatizado,https://jornadadedados.alpaclass.com/c/cursos/Nnp7TP?from=contents,189290,Trilha n8n,1026697,Agente Inteligente para Web Scraping Automatizado,edjGx3,https://jornadadedados.alpaclass.com/c/cursos/Nnp7TP?lessonSlug=edjGx3
Trilha de I.A. com n8n  – Projetos,Agente Nutricionista Inteligente com Análise de Fotos,https://jornadadedados.alpaclass.com/c/cursos/LunkLy?from=contents,189291,Trilha n8n,1026699,Agente Nutricionista Inteligente com Análise de Fotos,rcxlID,https://jornadadedados.alpaclass.com/c/cursos/LunkLy?lessonSlug=rcxlID
Trilha de I.A. com n8n  – Projetos,Agentes IA para Otimização de Marketing,https://jornadadedados.alpaclass.com/c/cursos/vuJ1CT?from=contents,189292,Trilha n8n,1026701,Agentes IA para Otimização de Marketing,NH4OoC,https://jornadadedados.alpaclass.com/c/cursos/vuJ1CT?lessonSlug=NH4OoC
Trilha de I.A. com n8n  – Projetos,Agente de Suporte em WhatsApp com Voz e IA,https://jornadadedados.alpaclass.com/c/cursos/DF754V?from=contents,189294,Trilha n8n - Agente de Suporte em WhatsApp com Voz e IA,1026702,Agente de Suporte em WhatsApp com Voz e IA,Zs0lEU,https://jornadadedados.alpaclass.com/c/cursos/DF754V?lessonSlug=Zs0lEU
Trilha de I.A. com n8n  – Projetos,Case real para vender para clínicas Médicas (via instagram),https://jornadadedados.alpaclass.com/c/cursos/ieN32a?from=contents,207150,Aula,1114437,Projeto,UgwNkK,https://jornadadedados.alpaclass.com/c/cursos/ieN32a?lessonSlug=UgwNkK
Trilha de Python,Bootcamp Git e GitHub,https://jornadadedados.alpaclass.com/c/cursos/oTKkBE?from=contents,136955,Introdução ao Git ,729434,Aula,Z4XlpC,https://jornadadedados.alpaclass.com/c/cursos/oTKkBE?lessonSlug=Z4XlpC
Trilha de Python,Bootcamp Git e GitHub,https://jornadadedados.alpaclass.com/c/cursos/oTKkBE?from=contents,137367,Introdução ao GitHub e Repositórios Remotos,735122,Aula,z50jKQ,https://jornadadedados.alpaclass.com/c/cursos/oTKkBE?lessonSlug=z50jKQ
Trilha de Python,Bootcamp Intensivo Python 1-5,https://jornadadedados.alpaclass.com/c/cursos/mkpusC?from=contents,124202,Boas vindas - Comece por aqui,639298,"Como instalar Python em 2024 + Pyenv, PIP, VENV, PIPX e Poetry",PcLj4H,https://jornadadedados.alpaclass.com/c/cursos/mkpusC?lessonSlug=PcLj4H
Trilha de Python,Bootcamp Intensivo Python 1-5,https://jornadadedados.alpaclass.com/c/cursos/mkpusC?from=contents,124202,Boas vindas - Comece por aqui,639297," Como instalar Python em 2024 + VSCode, Git e Github do Zero",McDfRx,https://jornadadedados.alpaclass.com/c/cursos/mkpusC?lessonSlug=McDfRx
Trilha de Python,Bootcamp Intensivo Python 1-5,https://jornadadedados.alpaclass.com/c/cursos/mkpusC?from=contents,124202,Boas vindas - Comece por aqui,639300, Excalidraw,NJgrW9,https://jornadadedados.alpaclass.com/c/cursos/mkpusC?lessonSlug=NJgrW9
Trilha de Python,Bootcamp Intensivo Python 1-5,https://jornadadedados.alpaclass.com/c/cursos/mkpusC?from=contents,124202,Boas vindas - Comece por aqui,639301,Github,pOTeVi,https://jornadadedados.alpaclass.com/c/cursos/mkpusC?lessonSlug=pOTeVi
Trilha de Python,Bootcamp Intensivo Python 1-5,https://jornadadedados.alpaclass.com/c/cursos/mkpusC?from=contents,124203,"Aula 01 - Python, Git e VScode: Python do Zero",639303,Conteúdo Técnico,Xcc4x7,https://jornadadedados.alpaclass.com/c/cursos/mkpusC?lessonSlug=Xcc4x7
Trilha de Python,Bootcamp Intensivo Python 1-5,https://jornadadedados.alpaclass.com/c/cursos/mkpusC?from=contents,124203,"Aula 01 - Python, Git e VScode: Python do Zero",639302,Abertura,WNtDJ2,https://jornadadedados.alpaclass.com/c/cursos/mkpusC?lessonSlug=WNtDJ2
Trilha de Python,Bootcamp Intensivo Python 1-5,https://jornadadedados.alpaclass.com/c/cursos/mkpusC?from=contents,124203,"Aula 01 - Python, Git e VScode: Python do Zero",639304,Desafio,Fs0qkO,https://jornadadedados.alpaclass.com/c/cursos/mkpusC?lessonSlug=Fs0qkO
Trilha de Python,Bootcamp Intensivo Python 1-5,https://jornadadedados.alpaclass.com/c/cursos/mkpusC?from=contents,124204,"Aula 02 -  TypeError, Type Check, Type Conversion, try-except e if",639330,Dúvidas,OIwy9i,https://jornadadedados.alpaclass.com/c/cursos/mkpusC?lessonSlug=OIwy9i
Trilha de Python,Bootcamp Intensivo Python 1-5,https://jornadadedados.alpaclass.com/c/cursos/mkpusC?from=contents,124204,"Aula 02 -  TypeError, Type Check, Type Conversion, try-except e if",639328,Conteúdo Técnico,Gb2enu,https://jornadadedados.alpaclass.com/c/cursos/mkpusC?lessonSlug=Gb2enu
Trilha de Python,Bootcamp Intensivo Python 1-5,https://jornadadedados.alpaclass.com/c/cursos/mkpusC?from=contents,124204,"Aula 02 -  TypeError, Type Check, Type Conversion, try-except e if",639326,Abertura,fxynBv,https://jornadadedados.alpaclass.com/c/cursos/mkpusC?lessonSlug=fxynBv
Trilha de Python,Bootcamp Intensivo Python 1-5,https://jornadadedados.alpaclass.com/c/cursos/mkpusC?from=contents,124204,"Aula 02 -  TypeError, Type Check, Type Conversion, try-except e if",639329,Desafio,Bb3vBT,https://jornadadedados.alpaclass.com/c/cursos/mkpusC?lessonSlug=Bb3vBT
Trilha de Python,Bootcamp Intensivo Python 1-5,https://jornadadedados.alpaclass.com/c/cursos/mkpusC?from=contents,124211," Aula 03 -  Controle de Fluxo: DEBUG, IF, FOR, While, Listas e Dicionários",639332,Conteúdo Técnico,YqEe4y,https://jornadadedados.alpaclass.com/c/cursos/mkpusC?lessonSlug=YqEe4y
Trilha de Python,Bootcamp Intensivo Python 1-5,https://jornadadedados.alpaclass.com/c/cursos/mkpusC?from=contents,124211," Aula 03 -  Controle de Fluxo: DEBUG, IF, FOR, While, Listas e Dicionários",639331,Abertura,MDRUDg,https://jornadadedados.alpaclass.com/c/cursos/mkpusC?lessonSlug=MDRUDg
Trilha de Python,Bootcamp Intensivo Python 1-5,https://jornadadedados.alpaclass.com/c/cursos/mkpusC?from=contents,124211," Aula 03 -  Controle de Fluxo: DEBUG, IF, FOR, While, Listas e Dicionários",639333,Desafio,MayWwA,https://jornadadedados.alpaclass.com/c/cursos/mkpusC?lessonSlug=MayWwA
Trilha de Python,Bootcamp Intensivo Python 1-5,https://jornadadedados.alpaclass.com/c/cursos/mkpusC?from=contents,124212, Aula 04 - Tipos complexos e Type Hint (Dicionários vs DataFrames Vs Tabelas Vs Excel),639336, Parte 2 - trabalhando com arquivos e funções,zIG30i,https://jornadadedados.alpaclass.com/c/cursos/mkpusC?lessonSlug=zIG30i
Trilha de Python,Bootcamp Intensivo Python 1-5,https://jornadadedados.alpaclass.com/c/cursos/mkpusC?from=contents,124212, Aula 04 - Tipos complexos e Type Hint (Dicionários vs DataFrames Vs Tabelas Vs Excel),639335,"Parte 1 - typing, listas e dicionário",uARYbe,https://jornadadedados.alpaclass.com/c/cursos/mkpusC?lessonSlug=uARYbe
Trilha de Python,Bootcamp Intensivo Python 1-5,https://jornadadedados.alpaclass.com/c/cursos/mkpusC?from=contents,124213,"Aula 05 - Projeto 01: Leitura e Escrita de Arquivos, lendo 1 bilhão de linhas",639341,Dúvidas,NVTnu6,https://jornadadedados.alpaclass.com/c/cursos/mkpusC?lessonSlug=NVTnu6
Trilha de Python,Bootcamp Intensivo Python 1-5,https://jornadadedados.alpaclass.com/c/cursos/mkpusC?from=contents,124213,"Aula 05 - Projeto 01: Leitura e Escrita de Arquivos, lendo 1 bilhão de linhas",639340,Conteúdo Técnico,1bjX89,https://jornadadedados.alpaclass.com/c/cursos/mkpusC?lessonSlug=1bjX89
Trilha de Python,Bootcamp Intensivo Python 1-5,https://jornadadedados.alpaclass.com/c/cursos/mkpusC?from=contents,124213,"Aula 05 - Projeto 01: Leitura e Escrita de Arquivos, lendo 1 bilhão de linhas",639339,Abertura,P1lscb,https://jornadadedados.alpaclass.com/c/cursos/mkpusC?lessonSlug=P1lscb
Trilha de Python,Bootcamp Intensivo Python 6-10,https://jornadadedados.alpaclass.com/c/cursos/jn0O3L?from=contents,124228,Aula 06 -  Exercício de revisão,639367,Exercício de revisão,GydBfg,https://jornadadedados.alpaclass.com/c/cursos/jn0O3L?lessonSlug=GydBfg
Trilha de Python,Bootcamp Intensivo Python 6-10,https://jornadadedados.alpaclass.com/c/cursos/jn0O3L?from=contents,124229,Aula 07 - Funções em Python e Estrutura de Dados - Parte 1,639370,Conteúdo Técnico,1MytTC,https://jornadadedados.alpaclass.com/c/cursos/jn0O3L?lessonSlug=1MytTC
Trilha de Python,Bootcamp Intensivo Python 6-10,https://jornadadedados.alpaclass.com/c/cursos/jn0O3L?from=contents,124230,Aula 08 -  Funções em Python e Estrutura de Dados - Parte 2,639379,Conteúdo Técnico,2OE6M3,https://jornadadedados.alpaclass.com/c/cursos/jn0O3L?lessonSlug=2OE6M3
Trilha de Python,Bootcamp Intensivo Python 6-10,https://jornadadedados.alpaclass.com/c/cursos/jn0O3L?from=contents,124231,Aula 09 - Funções em Python e Estrutura de Dados - Parte 3,639380,Conteúdo Técnico,YgkFaQ,https://jornadadedados.alpaclass.com/c/cursos/jn0O3L?lessonSlug=YgkFaQ
Trilha de Python,Bootcamp Intensivo Python 6-10,https://jornadadedados.alpaclass.com/c/cursos/jn0O3L?from=contents,124232,Aula 10 - Aula de revisão,639381,Dúvidas,OAXGvC,https://jornadadedados.alpaclass.com/c/cursos/jn0O3L?lessonSlug=OAXGvC
Trilha de Python,Bootcamp Intensivo Python 6-10,https://jornadadedados.alpaclass.com/c/cursos/jn0O3L?from=contents,124232,Aula 10 - Aula de revisão,646680,Dúvidas turma,SUQSsI,https://jornadadedados.alpaclass.com/c/cursos/jn0O3L?lessonSlug=SUQSsI
Trilha de Python,Bootcamp Intensivo Python 11-15,https://jornadadedados.alpaclass.com/c/cursos/HHRhQ2?from=contents,124236,Aula 11 - Introdução a POO,639388,Conteúdo técnico,x2vd0d,https://jornadadedados.alpaclass.com/c/cursos/HHRhQ2?lessonSlug=x2vd0d
Trilha de Python,Bootcamp Intensivo Python 11-15,https://jornadadedados.alpaclass.com/c/cursos/HHRhQ2?from=contents,124237,Aula 12 05/03 - Introdução às Classes em Python,639389,Conteúdo técnico,9Icw2Z,https://jornadadedados.alpaclass.com/c/cursos/HHRhQ2?lessonSlug=9Icw2Z
Trilha de Python,Bootcamp Intensivo Python 11-15,https://jornadadedados.alpaclass.com/c/cursos/HHRhQ2?from=contents,124239,Aula 13 e 14 - 07/03 - Herança e Polimorfismo,639390,Conteúdo técnico,azvcA4,https://jornadadedados.alpaclass.com/c/cursos/HHRhQ2?lessonSlug=azvcA4
Trilha de Python,Bootcamp Intensivo Python 11-15,https://jornadadedados.alpaclass.com/c/cursos/HHRhQ2?from=contents,124240,Aula 15 - 08/03 - Conclusão de POO,639391,Conteúdo técnico,uJne95,https://jornadadedados.alpaclass.com/c/cursos/HHRhQ2?lessonSlug=uJne95
Trilha de Python,Bootcamp Intensivo Python 16-20,https://jornadadedados.alpaclass.com/c/cursos/4HcUYy?from=contents,124250,Aula 16 - Aula de revisão de programação orientada a objetos + SQLModel,639424, Conteúdo técnico,SoJ0M1,https://jornadadedados.alpaclass.com/c/cursos/4HcUYy?lessonSlug=SoJ0M1
Trilha de Python,Bootcamp Intensivo Python 16-20,https://jornadadedados.alpaclass.com/c/cursos/4HcUYy?from=contents,124250,Aula 16 - Aula de revisão de programação orientada a objetos + SQLModel,639425,Duvidas,u4YPDd,https://jornadadedados.alpaclass.com/c/cursos/4HcUYy?lessonSlug=u4YPDd
Trilha de Python,Bootcamp Intensivo Python 16-20,https://jornadadedados.alpaclass.com/c/cursos/4HcUYy?from=contents,124251, Aula 17 - SQLAlchemy - Conjunto de ferramentas para manipular SQL em Python,639426,Abertura,UuiFZN,https://jornadadedados.alpaclass.com/c/cursos/4HcUYy?lessonSlug=UuiFZN
Trilha de Python,Bootcamp Intensivo Python 16-20,https://jornadadedados.alpaclass.com/c/cursos/4HcUYy?from=contents,124251, Aula 17 - SQLAlchemy - Conjunto de ferramentas para manipular SQL em Python,639428,Conteúdo técnico,mWJKOZ,https://jornadadedados.alpaclass.com/c/cursos/4HcUYy?lessonSlug=mWJKOZ
Trilha de Python,Bootcamp Intensivo Python 16-20,https://jornadadedados.alpaclass.com/c/cursos/4HcUYy?from=contents,124251, Aula 17 - SQLAlchemy - Conjunto de ferramentas para manipular SQL em Python,639429,Projeto e Duvidas,jHjXHC,https://jornadadedados.alpaclass.com/c/cursos/4HcUYy?lessonSlug=jHjXHC
Trilha de Python,Bootcamp Intensivo Python 16-20,https://jornadadedados.alpaclass.com/c/cursos/4HcUYy?from=contents,124252," Aula 18 - O que é uma API? Request, Pydantic e fazendo nosso CRUD",639430,Conteúdo técnico,I5813D,https://jornadadedados.alpaclass.com/c/cursos/4HcUYy?lessonSlug=I5813D
Trilha de Python,Bootcamp Intensivo Python 16-20,https://jornadadedados.alpaclass.com/c/cursos/4HcUYy?from=contents,124253,Aula 19 - O que é uma API? Criando nossa primeira API,639431,Relatos,KirUnU,https://jornadadedados.alpaclass.com/c/cursos/4HcUYy?lessonSlug=KirUnU
Trilha de Python,Bootcamp Intensivo Python 16-20,https://jornadadedados.alpaclass.com/c/cursos/4HcUYy?from=contents,124253,Aula 19 - O que é uma API? Criando nossa primeira API,639432,Conteúdo Técnico,QdsipR,https://jornadadedados.alpaclass.com/c/cursos/4HcUYy?lessonSlug=QdsipR
Trilha de Python,Bootcamp Intensivo Python 16-20,https://jornadadedados.alpaclass.com/c/cursos/4HcUYy?from=contents,124254,Aula 20 - Nosso Projeto de CRUD | Backend + Frontend + Banco de Dados,639433, Conteúdo técnico,tSVTcd,https://jornadadedados.alpaclass.com/c/cursos/4HcUYy?lessonSlug=tSVTcd
Trilha de SQL + dbt Core,Bootcamp Intensivo SQL 1-5,https://jornadadedados.alpaclass.com/c/cursos/uomqah?from=contents,124279,Aula 01 - Instalando PostgreSQL e criando nosso primeiro banco,639509,Conteúdo,KaLQFS,https://jornadadedados.alpaclass.com/c/cursos/uomqah?lessonSlug=KaLQFS
Trilha de SQL + dbt Core,Bootcamp Intensivo SQL 1-5,https://jornadadedados.alpaclass.com/c/cursos/uomqah?from=contents,124280,Aula 02 - Nossos primeiros comandos SQL usando DQL,639510,Conteúdo,PepQwc,https://jornadadedados.alpaclass.com/c/cursos/uomqah?lessonSlug=PepQwc
Trilha de SQL + dbt Core,Bootcamp Intensivo SQL 1-5,https://jornadadedados.alpaclass.com/c/cursos/uomqah?from=contents,124281,Aula 03 - Joins,639511,Conteúdo,nNvzZ7,https://jornadadedados.alpaclass.com/c/cursos/uomqah?lessonSlug=nNvzZ7
Trilha de SQL + dbt Core,Bootcamp Intensivo SQL 1-5,https://jornadadedados.alpaclass.com/c/cursos/uomqah?from=contents,124282,Aula 04 - Window Function,639512,Conteúdo,Rv2k2E,https://jornadadedados.alpaclass.com/c/cursos/uomqah?lessonSlug=Rv2k2E
Trilha de SQL + dbt Core,Bootcamp Intensivo SQL 1-5,https://jornadadedados.alpaclass.com/c/cursos/uomqah?from=contents,124283,Aula 05 - Projeto 01,639513,Conteúdo,L5J09Q,https://jornadadedados.alpaclass.com/c/cursos/uomqah?lessonSlug=L5J09Q
Trilha de SQL + dbt Core,Bootcamp Intensivo SQL 6-10,https://jornadadedados.alpaclass.com/c/cursos/D8zayV?from=contents,124285,Aula 06 - CTE vs Subqueries vs Views vs Temporary Tables vs Materialized Views,639516, Conteúdo,5MxBjp,https://jornadadedados.alpaclass.com/c/cursos/D8zayV?lessonSlug=5MxBjp
Trilha de SQL + dbt Core,Bootcamp Intensivo SQL 6-10,https://jornadadedados.alpaclass.com/c/cursos/D8zayV?from=contents,124286,Aula 07 - Criação de tabela,639517, Conteúdo,qLUGmZ,https://jornadadedados.alpaclass.com/c/cursos/D8zayV?lessonSlug=qLUGmZ
Trilha de SQL + dbt Core,Bootcamp Intensivo SQL 6-10,https://jornadadedados.alpaclass.com/c/cursos/D8zayV?from=contents,124287,Aula 08 - Stored Procedured,639518, Conteúdo,wi8nLy,https://jornadadedados.alpaclass.com/c/cursos/D8zayV?lessonSlug=wi8nLy
Trilha de SQL + dbt Core,Bootcamp Intensivo SQL 6-10,https://jornadadedados.alpaclass.com/c/cursos/D8zayV?from=contents,124288,Aula 09 - Triggers e Functions,639519, Conteúdo,ursAPy,https://jornadadedados.alpaclass.com/c/cursos/D8zayV?lessonSlug=ursAPy
Trilha de SQL + dbt Core,Bootcamp Intensivo SQL 6-10,https://jornadadedados.alpaclass.com/c/cursos/D8zayV?from=contents,124289,Aula 10 - Transações ACID,639520, Conteúdo,Hmw9IA,https://jornadadedados.alpaclass.com/c/cursos/D8zayV?lessonSlug=Hmw9IA
Trilha de SQL + dbt Core,Bootcamp Intensivo SQL 11-16,https://jornadadedados.alpaclass.com/c/cursos/Au0K0b?from=contents,124290, Aula 11 - 07/05 - Performance Tuning em SQL: Ordem de execução e otimização,639522,Conteúdo,23T0ul,https://jornadadedados.alpaclass.com/c/cursos/Au0K0b?lessonSlug=23T0ul
Trilha de SQL + dbt Core,Bootcamp Intensivo SQL 11-16,https://jornadadedados.alpaclass.com/c/cursos/Au0K0b?from=contents,124291,Aula 12 - 08/05 - B-Tree e Index,639523, Conteúdo,qZrJkE,https://jornadadedados.alpaclass.com/c/cursos/Au0K0b?lessonSlug=qZrJkE
Trilha de SQL + dbt Core,Bootcamp Intensivo SQL 11-16,https://jornadadedados.alpaclass.com/c/cursos/Au0K0b?from=contents,124292,Aula 13 - 09/05 - Partition,639524,Conteúdo,EbM9mH,https://jornadadedados.alpaclass.com/c/cursos/Au0K0b?lessonSlug=EbM9mH
Trilha de SQL + dbt Core,Bootcamp Intensivo SQL 11-16,https://jornadadedados.alpaclass.com/c/cursos/Au0K0b?from=contents,124293,Aula 14 - dbt cloud,639527,Conteúdo,ZS6AVI,https://jornadadedados.alpaclass.com/c/cursos/Au0K0b?lessonSlug=ZS6AVI
Trilha de SQL + dbt Core,Bootcamp Intensivo SQL 11-16,https://jornadadedados.alpaclass.com/c/cursos/Au0K0b?from=contents,124294, Aula 15 - dbt cloud,639530,Conteúdo - Parte 1,pylskI,https://jornadadedados.alpaclass.com/c/cursos/Au0K0b?lessonSlug=pylskI
Trilha de SQL + dbt Core,Bootcamp Intensivo SQL 11-16,https://jornadadedados.alpaclass.com/c/cursos/Au0K0b?from=contents,124294, Aula 15 - dbt cloud,639531,Conteúdo - Parte 2,cCs8QB,https://jornadadedados.alpaclass.com/c/cursos/Au0K0b?lessonSlug=cCs8QB
Trilha de SQL + dbt Core,Bootcamp DBT core,https://jornadadedados.alpaclass.com/c/cursos/YbsKtM?from=contents,124345,Aula 1 - DBT core overview,639583,Conteúdo,ibL3kv,https://jornadadedados.alpaclass.com/c/cursos/YbsKtM?lessonSlug=ibL3kv
Trilha de SQL + dbt Core,Bootcamp DBT core,https://jornadadedados.alpaclass.com/c/cursos/YbsKtM?from=contents,124346,Aula 2 - DBT core,639584,Conteúdo,3kzubm,https://jornadadedados.alpaclass.com/c/cursos/YbsKtM?lessonSlug=3kzubm
Trilha de SQL + dbt Core,Bootcamp DBT core,https://jornadadedados.alpaclass.com/c/cursos/YbsKtM?from=contents,124347,Aula 3 - DBT core testes,639586,Conteúdo,AcZl7H,https://jornadadedados.alpaclass.com/c/cursos/YbsKtM?lessonSlug=AcZl7H
Trilha de SQL + dbt Core,Bootcamp DBT core,https://jornadadedados.alpaclass.com/c/cursos/YbsKtM?from=contents,124348,Aula 4 e 5 - Deploy na sexta,639587,Bora pro Deploy!,7gzXTj,https://jornadadedados.alpaclass.com/c/cursos/YbsKtM?lessonSlug=7gzXTj
Trilha de SQL + dbt Core,Bootcamp DBT core,https://jornadadedados.alpaclass.com/c/cursos/YbsKtM?from=contents,125024,"Workshop 15/06 - Bigquery, macro e snapshot",642224, Parte 02,Z5W7OL,https://jornadadedados.alpaclass.com/c/cursos/YbsKtM?lessonSlug=Z5W7OL
Trilha de SQL + dbt Core,Bootcamp DBT core,https://jornadadedados.alpaclass.com/c/cursos/YbsKtM?from=contents,125024,"Workshop 15/06 - Bigquery, macro e snapshot",642223,Parte 01,fp1nUR,https://jornadadedados.alpaclass.com/c/cursos/YbsKtM?lessonSlug=fp1nUR
Trilha de Cloud e AWS,Bootcamp Cloud para Dados,https://jornadadedados.alpaclass.com/c/cursos/o6T97r?from=contents,138089,"Aula 01: Introdução a Cloud, criando nossa conta e publicando um site na AWS via S3 e EC2",738321,Conteúdo,1qR7Rg,https://jornadadedados.alpaclass.com/c/cursos/o6T97r?lessonSlug=1qR7Rg
Trilha de Cloud e AWS,Bootcamp Cloud para Dados,https://jornadadedados.alpaclass.com/c/cursos/o6T97r?from=contents,138090,Aula 02: Serviços de Armazenamento na Nuvem com S3,738325,Conteúdo,tc6izy,https://jornadadedados.alpaclass.com/c/cursos/o6T97r?lessonSlug=tc6izy
Trilha de Cloud e AWS,Bootcamp Cloud para Dados,https://jornadadedados.alpaclass.com/c/cursos/o6T97r?from=contents,138091,Aula 03: Computação na Nuvem com EC2,738324,Parte 02,Ajf1GO,https://jornadadedados.alpaclass.com/c/cursos/o6T97r?lessonSlug=Ajf1GO
Trilha de Cloud e AWS,Bootcamp Cloud para Dados,https://jornadadedados.alpaclass.com/c/cursos/o6T97r?from=contents,138091,Aula 03: Computação na Nuvem com EC2,738323,Parte 01,E27cve,https://jornadadedados.alpaclass.com/c/cursos/o6T97r?lessonSlug=E27cve
Trilha de Cloud e AWS,Bootcamp Cloud para Dados,https://jornadadedados.alpaclass.com/c/cursos/o6T97r?from=contents,138457,Aula 04: Gestâo de Acesso com IAM,739540,Conteúdo,2Y5VxT,https://jornadadedados.alpaclass.com/c/cursos/o6T97r?lessonSlug=2Y5VxT
Trilha de Cloud e AWS,Bootcamp Cloud para Dados,https://jornadadedados.alpaclass.com/c/cursos/o6T97r?from=contents,139086,Aula 05: Gerenciamento de Redes VPC,743249,Conteúdo,rtMITz,https://jornadadedados.alpaclass.com/c/cursos/o6T97r?lessonSlug=rtMITz
Trilha de Cloud e AWS,Bootcamp Cloud para Dados,https://jornadadedados.alpaclass.com/c/cursos/o6T97r?from=contents,140873,Aula 06 - Projeto 01: Integrando EC2 e VCP,751402,Conteúdo,ysuh4m,https://jornadadedados.alpaclass.com/c/cursos/o6T97r?lessonSlug=ysuh4m
Trilha de Cloud e AWS,Bootcamp Cloud para Dados,https://jornadadedados.alpaclass.com/c/cursos/o6T97r?from=contents,139535,Aula 07: Banco de dados com RDS,745190,Teste Time Travel,Diunp5,https://jornadadedados.alpaclass.com/c/cursos/o6T97r?lessonSlug=Diunp5
Trilha de Cloud e AWS,Bootcamp Cloud para Dados,https://jornadadedados.alpaclass.com/c/cursos/o6T97r?from=contents,139535,Aula 07: Banco de dados com RDS,745189,Conteúdo,RlDXeW,https://jornadadedados.alpaclass.com/c/cursos/o6T97r?lessonSlug=RlDXeW
Trilha de Cloud e AWS,Bootcamp Cloud para Dados,https://jornadadedados.alpaclass.com/c/cursos/o6T97r?from=contents,139839,Aula 08: Integração entre EC2 e RDS para Processamento de Requisições de API e Armazenamento de Dados,746734,Conteúdo,bNZc4D,https://jornadadedados.alpaclass.com/c/cursos/o6T97r?lessonSlug=bNZc4D
Trilha de Cloud e AWS,Bootcamp Cloud para Dados,https://jornadadedados.alpaclass.com/c/cursos/o6T97r?from=contents,140192,Aula 09: Arquitetura de Eventos,747916,Conteúdo,yY4e8q,https://jornadadedados.alpaclass.com/c/cursos/o6T97r?lessonSlug=yY4e8q
Trilha de Cloud e AWS,Bootcamp Cloud para Dados,https://jornadadedados.alpaclass.com/c/cursos/o6T97r?from=contents,141837,Aula 10: Gestão de Custos na AWS,756121,Conteúdo,XUw9J3,https://jornadadedados.alpaclass.com/c/cursos/o6T97r?lessonSlug=XUw9J3
Trilha de Cloud e AWS,Bootcamp Cloud para Dados,https://jornadadedados.alpaclass.com/c/cursos/o6T97r?from=contents,141900,Aula 11 : Lambda Functions,756521,Conteúdo,wugeny,https://jornadadedados.alpaclass.com/c/cursos/o6T97r?lessonSlug=wugeny
Trilha de Cloud e AWS,Bootcamp Cloud para Dados,https://jornadadedados.alpaclass.com/c/cursos/o6T97r?from=contents,143010,Aula 12 : Amazon CLI,764029,Conteúdo,Jta4uT,https://jornadadedados.alpaclass.com/c/cursos/o6T97r?lessonSlug=Jta4uT
Trilha de Cloud e AWS,Bootcamp Cloud para Dados,https://jornadadedados.alpaclass.com/c/cursos/o6T97r?from=contents,143195,Aula 13: Amazon SQS,764776,Conteúdo,7v1kBS,https://jornadadedados.alpaclass.com/c/cursos/o6T97r?lessonSlug=7v1kBS
Trilha de Cloud e AWS,Bootcamp Cloud para Dados,https://jornadadedados.alpaclass.com/c/cursos/o6T97r?from=contents,143876,Aula 14: Amazon SNS,767882,Conteúdo,h2hR7Y,https://jornadadedados.alpaclass.com/c/cursos/o6T97r?lessonSlug=h2hR7Y
Trilha de Cloud e AWS,Bootcamp Cloud para Dados,https://jornadadedados.alpaclass.com/c/cursos/o6T97r?from=contents,146073,Aula 15: DynamoDB e AWS Amplify,779667,Conteúdo,lSSacA,https://jornadadedados.alpaclass.com/c/cursos/o6T97r?lessonSlug=lSSacA
Trilha de Cloud e AWS,Bootcamp Cloud para Dados,https://jornadadedados.alpaclass.com/c/cursos/o6T97r?from=contents,149886,Aula 16 e 17: Introdução ao Azure para Dados,803059,Conteúdo,g2q7nb,https://jornadadedados.alpaclass.com/c/cursos/o6T97r?lessonSlug=g2q7nb
Trilha de Power BI,Power BI com Laennder Alves,https://jornadadedados.alpaclass.com/c/cursos/cKux1z?from=contents,143235,Aula 01,764950,Conteúdo,k5ovFv,https://jornadadedados.alpaclass.com/c/cursos/cKux1z?lessonSlug=k5ovFv
Trilha de Power BI,Power BI com Laennder Alves,https://jornadadedados.alpaclass.com/c/cursos/cKux1z?from=contents,144209,Aula 02,769720,Conteúdo,6V83Rc,https://jornadadedados.alpaclass.com/c/cursos/cKux1z?lessonSlug=6V83Rc
Trilha de Power BI,Power BI com Laennder Alves,https://jornadadedados.alpaclass.com/c/cursos/cKux1z?from=contents,146907,Aula 03,785623,Conteúdo,rk6Asg,https://jornadadedados.alpaclass.com/c/cursos/cKux1z?lessonSlug=rk6Asg
Trilha de Power BI,Power BI com Laennder Alves,https://jornadadedados.alpaclass.com/c/cursos/cKux1z?from=contents,147457,Aula 04,787834,Conteúdo,4dLzPp,https://jornadadedados.alpaclass.com/c/cursos/cKux1z?lessonSlug=4dLzPp
Trilha de Power BI,Power BI com Laennder Alves,https://jornadadedados.alpaclass.com/c/cursos/cKux1z?from=contents,149743,Aula 05,802313,Conteúdo,CoFNpY,https://jornadadedados.alpaclass.com/c/cursos/cKux1z?lessonSlug=CoFNpY
Trilha de Engenharia de Dados + IA,WORKSHOP #6 | Docker para Analista e Engenheiro de dados: Ajudando seu Deploy,https://jornadadedados.alpaclass.com/c/cursos/NHRKb8?from=contents,111091,Workshop Completo,567016,Parte 1,AWGhJu,https://jornadadedados.alpaclass.com/c/cursos/NHRKb8?lessonSlug=AWGhJu
Trilha de Engenharia de Dados + IA,WORKSHOP #6 | Docker para Analista e Engenheiro de dados: Ajudando seu Deploy,https://jornadadedados.alpaclass.com/c/cursos/NHRKb8?from=contents,111091,Workshop Completo,568093,Parte 2,zpWF9R,https://jornadadedados.alpaclass.com/c/cursos/NHRKb8?lessonSlug=zpWF9R
Trilha de Engenharia de Dados + IA,WORKSHOP #6 | Docker para Analista e Engenheiro de dados: Ajudando seu Deploy,https://jornadadedados.alpaclass.com/c/cursos/NHRKb8?from=contents,111091,Workshop Completo,569972,Github e Excalidraw,H8mEd2,https://jornadadedados.alpaclass.com/c/cursos/NHRKb8?lessonSlug=H8mEd2
Trilha de Engenharia de Dados + IA,WORKSHOP #7 | Orquestrando suas ETLs com DuckDB e Airflow,https://jornadadedados.alpaclass.com/c/cursos/PjOSAd?from=contents,99837,Workshop na íntegra,508356,WORKSHOP #7 | Orquestrando suas ETLs com DuckDB e Airflow,N0V0HV,https://jornadadedados.alpaclass.com/c/cursos/PjOSAd?lessonSlug=N0V0HV
Trilha de Engenharia de Dados + IA,WORKSHOP #7 | Orquestrando suas ETLs com DuckDB e Airflow,https://jornadadedados.alpaclass.com/c/cursos/PjOSAd?from=contents,112435,Conteúdo Preparatório,573362,Docker - Parte 02,sUR4VY,https://jornadadedados.alpaclass.com/c/cursos/PjOSAd?lessonSlug=sUR4VY
Trilha de Engenharia de Dados + IA,WORKSHOP #7 | Orquestrando suas ETLs com DuckDB e Airflow,https://jornadadedados.alpaclass.com/c/cursos/PjOSAd?from=contents,112435,Conteúdo Preparatório,573360,ORM,pKCR43,https://jornadadedados.alpaclass.com/c/cursos/PjOSAd?lessonSlug=pKCR43
Trilha de Engenharia de Dados + IA,WORKSHOP #7 | Orquestrando suas ETLs com DuckDB e Airflow,https://jornadadedados.alpaclass.com/c/cursos/PjOSAd?from=contents,112435,Conteúdo Preparatório,573361,Decoradores,Gjlz9T,https://jornadadedados.alpaclass.com/c/cursos/PjOSAd?lessonSlug=Gjlz9T
Trilha de Engenharia de Dados + IA,WORKSHOP #7 | Orquestrando suas ETLs com DuckDB e Airflow,https://jornadadedados.alpaclass.com/c/cursos/PjOSAd?from=contents,112435,Conteúdo Preparatório,573359,Docker - Parte 01,UoBEzP,https://jornadadedados.alpaclass.com/c/cursos/PjOSAd?lessonSlug=UoBEzP
Trilha de Engenharia de Dados + IA,Data Pipelines com Airflow 3.0 + dbt com Astro,https://jornadadedados.alpaclass.com/c/cursos/L8w1OB?from=contents,183764,Workshop ,1007729,"Fundamentos, DW, e Ambiente dev",GxphKm,https://jornadadedados.alpaclass.com/c/cursos/L8w1OB?lessonSlug=GxphKm
Trilha de Engenharia de Dados + IA,Data Pipelines com Airflow 3.0 + dbt com Astro,https://jornadadedados.alpaclass.com/c/cursos/L8w1OB?from=contents,183764,Workshop ,993440,"Abertura, Jornada de Dados e Novidades",C9K9If,https://jornadadedados.alpaclass.com/c/cursos/L8w1OB?lessonSlug=C9K9If
Trilha de Engenharia de Dados + IA,Data Pipelines com Airflow 3.0 + dbt com Astro,https://jornadadedados.alpaclass.com/c/cursos/L8w1OB?from=contents,183764,Workshop ,1007890,CICD e Ambiente prod,nEVvVj,https://jornadadedados.alpaclass.com/c/cursos/L8w1OB?lessonSlug=nEVvVj
Trilha de Engenharia de Dados + IA,WORKSHOP #8 | Web Scraping Explorando noSQL com Redis e MongoDB,https://jornadadedados.alpaclass.com/c/cursos/O2G5pT?from=contents,115351,Parte 1 ,589929,parte 1,DwZ0B4,https://jornadadedados.alpaclass.com/c/cursos/O2G5pT?lessonSlug=DwZ0B4
Trilha de Engenharia de Dados + IA,WORKSHOP #8 | Web Scraping Explorando noSQL com Redis e MongoDB,https://jornadadedados.alpaclass.com/c/cursos/O2G5pT?from=contents,115511,Bate papo e duvidas intervalo,590652,Bate papo e duvidas,zJPWHV,https://jornadadedados.alpaclass.com/c/cursos/O2G5pT?lessonSlug=zJPWHV
Trilha de Engenharia de Dados + IA,WORKSHOP #8 | Web Scraping Explorando noSQL com Redis e MongoDB,https://jornadadedados.alpaclass.com/c/cursos/O2G5pT?from=contents,115512,Parte 2 ,590653,Parte 2 ,3YTPuR,https://jornadadedados.alpaclass.com/c/cursos/O2G5pT?lessonSlug=3YTPuR
Trilha de Engenharia de Dados + IA,Workshop Agente de IA,https://jornadadedados.alpaclass.com/c/cursos/79fXry?from=contents,190895,Agente de IA,1051323,Agente de IA - Parte 02,N3izlj,https://jornadadedados.alpaclass.com/c/cursos/79fXry?lessonSlug=N3izlj
Trilha de Engenharia de Dados + IA,Workshop Agente de IA,https://jornadadedados.alpaclass.com/c/cursos/79fXry?from=contents,190895,Agente de IA,1035245,Agente de IA - Parte 01,BXKkZ8,https://jornadadedados.alpaclass.com/c/cursos/79fXry?lessonSlug=BXKkZ8
Trilha de Engenharia de Dados + IA,WORKSHOP #14 | Extração de Dados de PDF e Regex,https://jornadadedados.alpaclass.com/c/cursos/ykcFRL?from=contents,143191,Workshop Completo,764737,Conteúdo,6MUD4P,https://jornadadedados.alpaclass.com/c/cursos/ykcFRL?lessonSlug=6MUD4P
Trilha de Engenharia de Dados + IA,WORKSHOP #10 | Estratégia Event-Driven e Filas com Amazon SQS,https://jornadadedados.alpaclass.com/c/cursos/6mkVb9?from=contents,99840,Workshop na íntegra,508359,Parte 01,LhZtzD,https://jornadadedados.alpaclass.com/c/cursos/6mkVb9?lessonSlug=LhZtzD
Trilha de Engenharia de Dados + IA,WORKSHOP #10 | Estratégia Event-Driven e Filas com Amazon SQS,https://jornadadedados.alpaclass.com/c/cursos/6mkVb9?from=contents,99840,Workshop na íntegra,627338,Parte 02,Hnfnbu,https://jornadadedados.alpaclass.com/c/cursos/6mkVb9?lessonSlug=Hnfnbu
Trilha de Engenharia de Dados + IA,WORKSHOP #10 | Estratégia Event-Driven e Filas com Amazon SQS,https://jornadadedados.alpaclass.com/c/cursos/6mkVb9?from=contents,99840,Workshop na íntegra,627339,Parte 03,ZVKlLK,https://jornadadedados.alpaclass.com/c/cursos/6mkVb9?lessonSlug=ZVKlLK
Trilha de Engenharia de Dados + IA,WORKSHOP #11 | Arquitetura Streaming com Kafka,https://jornadadedados.alpaclass.com/c/cursos/aElW1w?from=contents,99841,Workshop Kafka,508360,Parte 01,iHuSS6,https://jornadadedados.alpaclass.com/c/cursos/aElW1w?lessonSlug=iHuSS6
Trilha de Engenharia de Dados + IA,WORKSHOP #11 | Arquitetura Streaming com Kafka,https://jornadadedados.alpaclass.com/c/cursos/aElW1w?from=contents,99841,Workshop Kafka,668830,Parte 02,3kRnIv,https://jornadadedados.alpaclass.com/c/cursos/aElW1w?lessonSlug=3kRnIv
Trilha de Engenharia de Dados + IA,WORKSHOP #11 | Arquitetura Streaming com Kafka,https://jornadadedados.alpaclass.com/c/cursos/aElW1w?from=contents,99841,Workshop Kafka,668831,Parte 03,yKQItO,https://jornadadedados.alpaclass.com/c/cursos/aElW1w?lessonSlug=yKQItO
Trilha de Engenharia de Dados + IA,Workshop #16 | Observabilidade em Pipeline de Dados,https://jornadadedados.alpaclass.com/c/cursos/4Lq3Gm?from=contents,154355,Workshop Observabilidade,823465,Conteúdo,k1uuQA,https://jornadadedados.alpaclass.com/c/cursos/4Lq3Gm?lessonSlug=k1uuQA
Trilha de Engenharia de Dados + IA,WORKSHOP #13 | Infraestrutura as a Code,https://jornadadedados.alpaclass.com/c/cursos/3tApTg?from=contents,99842,Workshop na íntegra,508361,Parte 01,PU6fg1,https://jornadadedados.alpaclass.com/c/cursos/3tApTg?lessonSlug=PU6fg1
Trilha de Engenharia de Dados + IA,WORKSHOP #13 | Infraestrutura as a Code,https://jornadadedados.alpaclass.com/c/cursos/3tApTg?from=contents,99842,Workshop na íntegra,718092,Parte 02,lS4Bdv,https://jornadadedados.alpaclass.com/c/cursos/3tApTg?lessonSlug=lS4Bdv
Trilha de Engenharia de Dados + IA,Workshop #19 | Data Sprint : Dos requisitos ao Deploy,https://jornadadedados.alpaclass.com/c/cursos/d56SKg?from=contents,167291,Parte 01,894803,1/2,GqmpJB,https://jornadadedados.alpaclass.com/c/cursos/d56SKg?lessonSlug=GqmpJB
Trilha de Engenharia de Dados + IA,Workshop #19 | Data Sprint : Dos requisitos ao Deploy,https://jornadadedados.alpaclass.com/c/cursos/d56SKg?from=contents,167291,Parte 01,894804,2/2,nDOgmz,https://jornadadedados.alpaclass.com/c/cursos/d56SKg?lessonSlug=nDOgmz
Trilha de Engenharia de Dados + IA,Workshop #19 | Data Sprint : Dos requisitos ao Deploy,https://jornadadedados.alpaclass.com/c/cursos/d56SKg?from=contents,167292,Parte 02,894802,Conteúdo,D79sxC,https://jornadadedados.alpaclass.com/c/cursos/d56SKg?lessonSlug=D79sxC
Trilha de Engenharia de Dados + IA,WORKSHOP #21 | DevOps e Kubernetes para Dados,https://jornadadedados.alpaclass.com/c/cursos/ZTHpS1?from=contents,99843,Conteúdo,508362,Conceito DevOps,pkPWsf,https://jornadadedados.alpaclass.com/c/cursos/ZTHpS1?lessonSlug=pkPWsf
Trilha de Engenharia de Dados + IA,WORKSHOP #21 | DevOps e Kubernetes para Dados,https://jornadadedados.alpaclass.com/c/cursos/ZTHpS1?from=contents,99843,Conteúdo,976121,Dúvidas e Considerações Finais,5rhC6A,https://jornadadedados.alpaclass.com/c/cursos/ZTHpS1?lessonSlug=5rhC6A
Trilha de Engenharia de Dados + IA,WORKSHOP #21 | DevOps e Kubernetes para Dados,https://jornadadedados.alpaclass.com/c/cursos/ZTHpS1?from=contents,99843,Conteúdo,976120,Kubernetes hands-on,xiSFJt,https://jornadadedados.alpaclass.com/c/cursos/ZTHpS1?lessonSlug=xiSFJt
Trilha de Web Scraping,Bootcamp Avançado Python com Webscraping 1-5,https://jornadadedados.alpaclass.com/c/cursos/3EH16P?from=contents,125313,Aula 01 - Introdução,643988,Vídeo aula,e4PVba,https://jornadadedados.alpaclass.com/c/cursos/3EH16P?lessonSlug=e4PVba
Trilha de Web Scraping,Bootcamp Avançado Python com Webscraping 1-5,https://jornadadedados.alpaclass.com/c/cursos/3EH16P?from=contents,125884,Aula 02 - Case Pão de Açúcar: Scroll Infinoto,646531,Vídeo aula,Iil09W,https://jornadadedados.alpaclass.com/c/cursos/3EH16P?lessonSlug=Iil09W
Trilha de Web Scraping,Bootcamp Avançado Python com Webscraping 1-5,https://jornadadedados.alpaclass.com/c/cursos/3EH16P?from=contents,126158,Aula 03 - Lidando com Token,648118,Vídeo,NphC4h,https://jornadadedados.alpaclass.com/c/cursos/3EH16P?lessonSlug=NphC4h
Trilha de Web Scraping,Bootcamp Avançado Python com Webscraping 1-5,https://jornadadedados.alpaclass.com/c/cursos/3EH16P?from=contents,126380,Aula 04 - Man in the middle (tudo deu errado),649142,Vídeo,Mx7IKD,https://jornadadedados.alpaclass.com/c/cursos/3EH16P?lessonSlug=Mx7IKD
Trilha de Web Scraping,Bootcamp Avançado Python com Webscraping 1-5,https://jornadadedados.alpaclass.com/c/cursos/3EH16P?from=contents,126448,Aula 05 - Man in the middle e proxies (danto tudo certo),649364,Aula,UvvTgr,https://jornadadedados.alpaclass.com/c/cursos/3EH16P?lessonSlug=UvvTgr
Trilha de Web Scraping,Bootcamp Avançado Python com Webscraping 6-10,https://jornadadedados.alpaclass.com/c/cursos/of3Olo?from=contents,124355,Aula 06 - Web Scraping Companhia Aérea,639606,Vídeo aula,v9Mbx4,https://jornadadedados.alpaclass.com/c/cursos/of3Olo?lessonSlug=v9Mbx4
Trilha de Web Scraping,Bootcamp Avançado Python com Webscraping 6-10,https://jornadadedados.alpaclass.com/c/cursos/of3Olo?from=contents,127653,Aula 07 - Como estruturar nossa aplicação e nosso código,654871,Aula,UYeaz1,https://jornadadedados.alpaclass.com/c/cursos/of3Olo?lessonSlug=UYeaz1
Trilha de Web Scraping,Bootcamp Avançado Python com Webscraping 6-10,https://jornadadedados.alpaclass.com/c/cursos/of3Olo?from=contents,128147,Aula 08 - Projeto final 1/3,658099,Aula,x5gFAX,https://jornadadedados.alpaclass.com/c/cursos/of3Olo?lessonSlug=x5gFAX
Trilha de Web Scraping,Bootcamp Avançado Python com Webscraping 6-10,https://jornadadedados.alpaclass.com/c/cursos/of3Olo?from=contents,128148,Aula 09 - Projeto final 2/3,658101,Aula,lmXW79,https://jornadadedados.alpaclass.com/c/cursos/of3Olo?lessonSlug=lmXW79
Trilha de Web Scraping,Bootcamp Avançado Python com Webscraping 6-10,https://jornadadedados.alpaclass.com/c/cursos/of3Olo?from=contents,128866,Aula 10 - Projeto final 3/3,661565,Aula,7zSFBa,https://jornadadedados.alpaclass.com/c/cursos/of3Olo?lessonSlug=7zSFBa
Workshops Clássicos,WORKSHOP #1 | Como estruturar o seu projeto de dados do zero,https://jornadadedados.alpaclass.com/c/cursos/xT50VO?from=contents,99826,Workshop na íntegra,508345,WORKSHOP #1 | Como estruturar o seu projeto de dados do zero,GeFmUt,https://jornadadedados.alpaclass.com/c/cursos/xT50VO?lessonSlug=GeFmUt
Workshops Clássicos,WORKSHOP #2 | Do Jupyter Notebook pro Deploy,https://jornadadedados.alpaclass.com/c/cursos/SCeJfe?from=contents,99829,Workshop na íntegra,508349,WORKSHOP #2 | Do Jupyter Notebook pro Deploy - PARTE 1,CSakae,https://jornadadedados.alpaclass.com/c/cursos/SCeJfe?lessonSlug=CSakae
Workshops Clássicos,WORKSHOP #2 | Do Jupyter Notebook pro Deploy,https://jornadadedados.alpaclass.com/c/cursos/SCeJfe?from=contents,99829,Workshop na íntegra,508350,WORKSHOP #2 | Do Jupyter Notebook pro Deploy - PARTE 2,lCcSK6,https://jornadadedados.alpaclass.com/c/cursos/SCeJfe?lessonSlug=lCcSK6
Workshops Clássicos,WORKSHOP #3 | Como construir um DW sem pagar muito,https://jornadadedados.alpaclass.com/c/cursos/vLl4ov?from=contents,99830,Parte 01,508351,WORKSHOP #3 | Como construir um DW sem pagar muito - PARTE 1,Nd5GEI,https://jornadadedados.alpaclass.com/c/cursos/vLl4ov?lessonSlug=Nd5GEI
Workshops Clássicos,WORKSHOP #3 | Como construir um DW sem pagar muito,https://jornadadedados.alpaclass.com/c/cursos/vLl4ov?from=contents,99830,Parte 01,508352,WORKSHOP #3 | Como construir um DW sem pagar muito - PARTE 2,MXOoeq,https://jornadadedados.alpaclass.com/c/cursos/vLl4ov?lessonSlug=MXOoeq
Workshops Clássicos,WORKSHOP #3 | Como construir um DW sem pagar muito,https://jornadadedados.alpaclass.com/c/cursos/vLl4ov?from=contents,100718,Parte 02,512973,Vídeo,VRiEW5,https://jornadadedados.alpaclass.com/c/cursos/vLl4ov?lessonSlug=VRiEW5
Workshops Clássicos,WORKSHOP #3 | Como construir um DW sem pagar muito,https://jornadadedados.alpaclass.com/c/cursos/vLl4ov?from=contents,100718,Parte 02,512122,Código e CSV,LSih2a,https://jornadadedados.alpaclass.com/c/cursos/vLl4ov?lessonSlug=LSih2a
Workshops Clássicos,WORKSHOP #4 | Projeto e Processo de Dados do Zero,https://jornadadedados.alpaclass.com/c/cursos/d18yuA?from=contents,99833,Workshop na íntegra,508353,WORKSHOP #4 | Projeto e Processo de Dados do Zero,stLEqn,https://jornadadedados.alpaclass.com/c/cursos/d18yuA?lessonSlug=stLEqn
Workshops Clássicos,WORKSHOP #5 | Qualidade em Projeto de Dados,https://jornadadedados.alpaclass.com/c/cursos/YuGUkv?from=contents,108683,WORKSHOP #5 | Qualidade em Projeto de Dados,554495,Parte 1,ulzccm,https://jornadadedados.alpaclass.com/c/cursos/YuGUkv?lessonSlug=ulzccm
Workshops Clássicos,WORKSHOP #5 | Qualidade em Projeto de Dados,https://jornadadedados.alpaclass.com/c/cursos/YuGUkv?from=contents,108683,WORKSHOP #5 | Qualidade em Projeto de Dados,554660,Parte 2,NZkt0Q,https://jornadadedados.alpaclass.com/c/cursos/YuGUkv?lessonSlug=NZkt0Q
Workshops Clássicos,WORKSHOP #5 | Qualidade em Projeto de Dados,https://jornadadedados.alpaclass.com/c/cursos/YuGUkv?from=contents,108683,WORKSHOP #5 | Qualidade em Projeto de Dados,569892,Links externos,hEd7hK,https://jornadadedados.alpaclass.com/c/cursos/YuGUkv?lessonSlug=hEd7hK
Workshops Clássicos,WORKSHOP #5 | Qualidade em Projeto de Dados,https://jornadadedados.alpaclass.com/c/cursos/YuGUkv?from=contents,109075,Base Bootcamp,556444,Aula 01 - Desafio,SVP66S,https://jornadadedados.alpaclass.com/c/cursos/YuGUkv?lessonSlug=SVP66S
Workshops Clássicos,WORKSHOP #5 | Qualidade em Projeto de Dados,https://jornadadedados.alpaclass.com/c/cursos/YuGUkv?from=contents,109075,Base Bootcamp,556434,Aula 02 - Abertura,VnmSgL,https://jornadadedados.alpaclass.com/c/cursos/YuGUkv?lessonSlug=VnmSgL
Workshops Clássicos,WORKSHOP #5 | Qualidade em Projeto de Dados,https://jornadadedados.alpaclass.com/c/cursos/YuGUkv?from=contents,109075,Base Bootcamp,556443,Aula 01 - Conteúdo Técnico,rMp52z,https://jornadadedados.alpaclass.com/c/cursos/YuGUkv?lessonSlug=rMp52z
Workshops Clássicos,WORKSHOP #5 | Qualidade em Projeto de Dados,https://jornadadedados.alpaclass.com/c/cursos/YuGUkv?from=contents,109075,Base Bootcamp,556441,Aula 01 - Abertura,KATzwj,https://jornadadedados.alpaclass.com/c/cursos/YuGUkv?lessonSlug=KATzwj
Workshops Clássicos,WORKSHOP #5 | Qualidade em Projeto de Dados,https://jornadadedados.alpaclass.com/c/cursos/YuGUkv?from=contents,109075,Base Bootcamp,556456,Aula 05 - Dúvidas,60AYLa,https://jornadadedados.alpaclass.com/c/cursos/YuGUkv?lessonSlug=60AYLa
Workshops Clássicos,WORKSHOP #5 | Qualidade em Projeto de Dados,https://jornadadedados.alpaclass.com/c/cursos/YuGUkv?from=contents,109075,Base Bootcamp,556452,Aula 04 - Parte 2 - Trabalhando com arquivos e funções,Gwhbh0,https://jornadadedados.alpaclass.com/c/cursos/YuGUkv?lessonSlug=Gwhbh0
Workshops Clássicos,WORKSHOP #5 | Qualidade em Projeto de Dados,https://jornadadedados.alpaclass.com/c/cursos/YuGUkv?from=contents,109075,Base Bootcamp,556437,Aula 02 - Dúvidas,Piuwu6,https://jornadadedados.alpaclass.com/c/cursos/YuGUkv?lessonSlug=Piuwu6
Workshops Clássicos,WORKSHOP #5 | Qualidade em Projeto de Dados,https://jornadadedados.alpaclass.com/c/cursos/YuGUkv?from=contents,109075,Base Bootcamp,556451,"Aula 04 - Parte 1 - Typing, Listas e Dicionário",KHbzCr,https://jornadadedados.alpaclass.com/c/cursos/YuGUkv?lessonSlug=KHbzCr
Workshops Clássicos,WORKSHOP #5 | Qualidade em Projeto de Dados,https://jornadadedados.alpaclass.com/c/cursos/YuGUkv?from=contents,109075,Base Bootcamp,556446,Aula 03 - Abertura,SVZFNJ,https://jornadadedados.alpaclass.com/c/cursos/YuGUkv?lessonSlug=SVZFNJ
Workshops Clássicos,WORKSHOP #5 | Qualidade em Projeto de Dados,https://jornadadedados.alpaclass.com/c/cursos/YuGUkv?from=contents,109075,Base Bootcamp,556454,Aula 05 - Abertura ,02jwGS,https://jornadadedados.alpaclass.com/c/cursos/YuGUkv?lessonSlug=02jwGS
Workshops Clássicos,WORKSHOP #5 | Qualidade em Projeto de Dados,https://jornadadedados.alpaclass.com/c/cursos/YuGUkv?from=contents,109075,Base Bootcamp,556435,Aula 02 - Conteúdo Técnico,oXg5yN,https://jornadadedados.alpaclass.com/c/cursos/YuGUkv?lessonSlug=oXg5yN
Workshops Clássicos,WORKSHOP #5 | Qualidade em Projeto de Dados,https://jornadadedados.alpaclass.com/c/cursos/YuGUkv?from=contents,109075,Base Bootcamp,556455,Aula 05 - Conteúdo Técnico,ADNteK,https://jornadadedados.alpaclass.com/c/cursos/YuGUkv?lessonSlug=ADNteK
Workshops Clássicos,WORKSHOP #5 | Qualidade em Projeto de Dados,https://jornadadedados.alpaclass.com/c/cursos/YuGUkv?from=contents,109075,Base Bootcamp,556448,Aula 03 - Desafio,127Lf0,https://jornadadedados.alpaclass.com/c/cursos/YuGUkv?lessonSlug=127Lf0
Workshops Clássicos,WORKSHOP #5 | Qualidade em Projeto de Dados,https://jornadadedados.alpaclass.com/c/cursos/YuGUkv?from=contents,109075,Base Bootcamp,556436,Aula 02 - Desafio,YdOuGQ,https://jornadadedados.alpaclass.com/c/cursos/YuGUkv?lessonSlug=YdOuGQ
Workshops Clássicos,WORKSHOP #5 | Qualidade em Projeto de Dados,https://jornadadedados.alpaclass.com/c/cursos/YuGUkv?from=contents,109075,Base Bootcamp,556447,Aula 03 - Conteúdo Técnico,eE8biu,https://jornadadedados.alpaclass.com/c/cursos/YuGUkv?lessonSlug=eE8biu
Workshops Clássicos,WORKSHOP #9 | Construindo uma API do Zero ao Deploy,https://jornadadedados.alpaclass.com/c/cursos/h2Bq1X?from=contents,118455,Seja Bem-vindo!,606514,É o primeiro passo da jornada,gAGi4t,https://jornadadedados.alpaclass.com/c/cursos/h2Bq1X?lessonSlug=gAGi4t
Workshops Clássicos,WORKSHOP #9 | Construindo uma API do Zero ao Deploy,https://jornadadedados.alpaclass.com/c/cursos/h2Bq1X?from=contents,118455,Seja Bem-vindo!,606517,"Como instalar Python em 2024 + Pyenv, PIP, VENV, PIPX e Poetry",KrOxQo,https://jornadadedados.alpaclass.com/c/cursos/h2Bq1X?lessonSlug=KrOxQo
Workshops Clássicos,WORKSHOP #9 | Construindo uma API do Zero ao Deploy,https://jornadadedados.alpaclass.com/c/cursos/h2Bq1X?from=contents,118455,Seja Bem-vindo!,606518,Como instalar Python + Entendendo PATH e Pyenv em detalhes,q9i8tM,https://jornadadedados.alpaclass.com/c/cursos/h2Bq1X?lessonSlug=q9i8tM
Workshops Clássicos,WORKSHOP #9 | Construindo uma API do Zero ao Deploy,https://jornadadedados.alpaclass.com/c/cursos/h2Bq1X?from=contents,118455,Seja Bem-vindo!,606516,"Como instalar Python em 2024 + VSCode, Git e Github do Zero",4NUHgx,https://jornadadedados.alpaclass.com/c/cursos/h2Bq1X?lessonSlug=4NUHgx
Workshops Clássicos,WORKSHOP #9 | Construindo uma API do Zero ao Deploy,https://jornadadedados.alpaclass.com/c/cursos/h2Bq1X?from=contents,99839,Workshop na íntegra 27/04,508358,Conteúdo | Parte 01,QsEWhu,https://jornadadedados.alpaclass.com/c/cursos/h2Bq1X?lessonSlug=QsEWhu
Workshops Clássicos,WORKSHOP #9 | Construindo uma API do Zero ao Deploy,https://jornadadedados.alpaclass.com/c/cursos/h2Bq1X?from=contents,99839,Workshop na íntegra 27/04,599257,Conteúdo | Parte 02,fGLuzt,https://jornadadedados.alpaclass.com/c/cursos/h2Bq1X?lessonSlug=fGLuzt
Workshops Clássicos,WORKSHOP #9 | Construindo uma API do Zero ao Deploy,https://jornadadedados.alpaclass.com/c/cursos/h2Bq1X?from=contents,118343,Workshop na íntegra 11/05,609875,Conteúdo | Parte 02 | Fábio,PPE1G0,https://jornadadedados.alpaclass.com/c/cursos/h2Bq1X?lessonSlug=PPE1G0
Workshops Clássicos,WORKSHOP #9 | Construindo uma API do Zero ao Deploy,https://jornadadedados.alpaclass.com/c/cursos/h2Bq1X?from=contents,118343,Workshop na íntegra 11/05,609876,Conteúdo | Parte 03 | Fábio,nm7vMD,https://jornadadedados.alpaclass.com/c/cursos/h2Bq1X?lessonSlug=nm7vMD
Workshops Clássicos,WORKSHOP #9 | Construindo uma API do Zero ao Deploy,https://jornadadedados.alpaclass.com/c/cursos/h2Bq1X?from=contents,118343,Workshop na íntegra 11/05,609877,Conteúdo | Parte 04 | Kaio,Ulr1q1,https://jornadadedados.alpaclass.com/c/cursos/h2Bq1X?lessonSlug=Ulr1q1
Workshops Clássicos,WORKSHOP #9 | Construindo uma API do Zero ao Deploy,https://jornadadedados.alpaclass.com/c/cursos/h2Bq1X?from=contents,118343,Workshop na íntegra 11/05,609878,Conteúdo | Parte 05 | Kaio,lDOcmD,https://jornadadedados.alpaclass.com/c/cursos/h2Bq1X?lessonSlug=lDOcmD
Workshops Clássicos,WORKSHOP #9 | Construindo uma API do Zero ao Deploy,https://jornadadedados.alpaclass.com/c/cursos/h2Bq1X?from=contents,118343,Workshop na íntegra 11/05,609874,Conteúdo | Parte 01 | Luciano,AiJO1f,https://jornadadedados.alpaclass.com/c/cursos/h2Bq1X?lessonSlug=AiJO1f
Workshops Clássicos,WORKSHOP #9 | Construindo uma API do Zero ao Deploy,https://jornadadedados.alpaclass.com/c/cursos/h2Bq1X?from=contents,118341,Bootcamp Python,605904,Aula 04 parte 2,jsbJym,https://jornadadedados.alpaclass.com/c/cursos/h2Bq1X?lessonSlug=jsbJym
Workshops Clássicos,WORKSHOP #9 | Construindo uma API do Zero ao Deploy,https://jornadadedados.alpaclass.com/c/cursos/h2Bq1X?from=contents,118341,Bootcamp Python,606501,Aula 05,tGWyhi,https://jornadadedados.alpaclass.com/c/cursos/h2Bq1X?lessonSlug=tGWyhi
Workshops Clássicos,WORKSHOP #9 | Construindo uma API do Zero ao Deploy,https://jornadadedados.alpaclass.com/c/cursos/h2Bq1X?from=contents,118341,Bootcamp Python,605903,Aula 04 parte 1,0cjbw9,https://jornadadedados.alpaclass.com/c/cursos/h2Bq1X?lessonSlug=0cjbw9
Workshops Clássicos,WORKSHOP #9 | Construindo uma API do Zero ao Deploy,https://jornadadedados.alpaclass.com/c/cursos/h2Bq1X?from=contents,118341,Bootcamp Python,605902,Aula 03,j5gneD,https://jornadadedados.alpaclass.com/c/cursos/h2Bq1X?lessonSlug=j5gneD
Workshops Clássicos,WORKSHOP #9 | Construindo uma API do Zero ao Deploy,https://jornadadedados.alpaclass.com/c/cursos/h2Bq1X?from=contents,118341,Bootcamp Python,605901,Aula 02,DiUwSO,https://jornadadedados.alpaclass.com/c/cursos/h2Bq1X?lessonSlug=DiUwSO
Workshops Clássicos,WORKSHOP #9 | Construindo uma API do Zero ao Deploy,https://jornadadedados.alpaclass.com/c/cursos/h2Bq1X?from=contents,118341,Bootcamp Python,605900,Aula 01,PTisiJ,https://jornadadedados.alpaclass.com/c/cursos/h2Bq1X?lessonSlug=PTisiJ
Workshops Clássicos,WORKSHOP #9 | Construindo uma API do Zero ao Deploy,https://jornadadedados.alpaclass.com/c/cursos/h2Bq1X?from=contents,118342,Bootcamp SQL,606506,Aula 04,k3RMN5,https://jornadadedados.alpaclass.com/c/cursos/h2Bq1X?lessonSlug=k3RMN5
Workshops Clássicos,WORKSHOP #9 | Construindo uma API do Zero ao Deploy,https://jornadadedados.alpaclass.com/c/cursos/h2Bq1X?from=contents,118342,Bootcamp SQL,606507,Aula 05,0R8jUc,https://jornadadedados.alpaclass.com/c/cursos/h2Bq1X?lessonSlug=0R8jUc
Workshops Clássicos,WORKSHOP #9 | Construindo uma API do Zero ao Deploy,https://jornadadedados.alpaclass.com/c/cursos/h2Bq1X?from=contents,118342,Bootcamp SQL,606503,Aula 01,rynLb4,https://jornadadedados.alpaclass.com/c/cursos/h2Bq1X?lessonSlug=rynLb4
Workshops Clássicos,WORKSHOP #9 | Construindo uma API do Zero ao Deploy,https://jornadadedados.alpaclass.com/c/cursos/h2Bq1X?from=contents,118342,Bootcamp SQL,606504,Aula 02,cSM0y7,https://jornadadedados.alpaclass.com/c/cursos/h2Bq1X?lessonSlug=cSM0y7
Workshops Clássicos,WORKSHOP #9 | Construindo uma API do Zero ao Deploy,https://jornadadedados.alpaclass.com/c/cursos/h2Bq1X?from=contents,118342,Bootcamp SQL,606505,Aula 03,AhYRmi,https://jornadadedados.alpaclass.com/c/cursos/h2Bq1X?lessonSlug=AhYRmi
Workshops Clássicos,Workshop #12 | Realtime Dashboards com Streamlit,https://jornadadedados.alpaclass.com/c/cursos/Db9TQR?from=contents,131775,Workshop Streamlit,673972,"Introdução, instalação e hello world",aTLDmV,https://jornadadedados.alpaclass.com/c/cursos/Db9TQR?lessonSlug=aTLDmV
Workshops Clássicos,Workshop #12 | Realtime Dashboards com Streamlit,https://jornadadedados.alpaclass.com/c/cursos/Db9TQR?from=contents,131775,Workshop Streamlit,684914,Dashboard Realtime,PmpgwI,https://jornadadedados.alpaclass.com/c/cursos/Db9TQR?lessonSlug=PmpgwI
Workshops Clássicos,Workshop #12 | Realtime Dashboards com Streamlit,https://jornadadedados.alpaclass.com/c/cursos/Db9TQR?from=contents,131775,Workshop Streamlit,677294,Projeto 01 - Postgres,6neJzR,https://jornadadedados.alpaclass.com/c/cursos/Db9TQR?lessonSlug=6neJzR
Workshops Clássicos,Workshop #15 | ETL Usando Inteligência Artificial e N8N,https://jornadadedados.alpaclass.com/c/cursos/6tfZxy?from=contents,147510,Workshop,787987,Parte 01,7FFkgw,https://jornadadedados.alpaclass.com/c/cursos/6tfZxy?lessonSlug=7FFkgw
Workshops Clássicos,Workshop #15 | ETL Usando Inteligência Artificial e N8N,https://jornadadedados.alpaclass.com/c/cursos/6tfZxy?from=contents,147510,Workshop,799927,Parte 2,ZDHsxt,https://jornadadedados.alpaclass.com/c/cursos/6tfZxy?lessonSlug=ZDHsxt
Workshops Clássicos,Workshop #17 | Workshop de Cloud e Azure para Dados,https://jornadadedados.alpaclass.com/c/cursos/ewbpPD?from=contents,161406,Parte 01,862008,"Introdução, Fabric , VMs e BDs",em2MN5,https://jornadadedados.alpaclass.com/c/cursos/ewbpPD?lessonSlug=em2MN5
Workshops Clássicos,Workshop #17 | Workshop de Cloud e Azure para Dados,https://jornadadedados.alpaclass.com/c/cursos/ewbpPD?from=contents,161406,Parte 01,862074,Solução de Bugs durante a Aula,9f7Csr,https://jornadadedados.alpaclass.com/c/cursos/ewbpPD?lessonSlug=9f7Csr
Workshops Clássicos,Workshop #18 | Multiengine ETL: Databricks e DuckDB,https://jornadadedados.alpaclass.com/c/cursos/YEGlD8?from=contents,163608,Assista Primeiro,874146,Avisos sobre o Bootcamp,Rw1fsV,https://jornadadedados.alpaclass.com/c/cursos/YEGlD8?lessonSlug=Rw1fsV
Workshops Clássicos,Workshop #18 | Multiengine ETL: Databricks e DuckDB,https://jornadadedados.alpaclass.com/c/cursos/YEGlD8?from=contents,157317,Aula 01,840073,Parte 01,CgbOqV,https://jornadadedados.alpaclass.com/c/cursos/YEGlD8?lessonSlug=CgbOqV
Workshops Clássicos,Workshop #18 | Multiengine ETL: Databricks e DuckDB,https://jornadadedados.alpaclass.com/c/cursos/YEGlD8?from=contents,157317,Aula 01,871256,Parte 02,MP7t3W,https://jornadadedados.alpaclass.com/c/cursos/YEGlD8?lessonSlug=MP7t3W
Workshops Clássicos,Workshop #18 | Multiengine ETL: Databricks e DuckDB,https://jornadadedados.alpaclass.com/c/cursos/YEGlD8?from=contents,163105,Aula 02,871356,Conteúdo,29AfcQ,https://jornadadedados.alpaclass.com/c/cursos/YEGlD8?lessonSlug=29AfcQ
Workshops Clássicos,Workshop #18 | Multiengine ETL: Databricks e DuckDB,https://jornadadedados.alpaclass.com/c/cursos/YEGlD8?from=contents,163609,Aula 03,874147,Conteúdo,kjs089,https://jornadadedados.alpaclass.com/c/cursos/YEGlD8?lessonSlug=kjs089
Workshops Clássicos,WORKSHOP #20 | Pipeline GenAI Avançado N8N,https://jornadadedados.alpaclass.com/c/cursos/1qNnB5?from=contents,175009,Conteúdo,964906,Setup e Integração com Whatsapp,IEtVp4,https://jornadadedados.alpaclass.com/c/cursos/1qNnB5?lessonSlug=IEtVp4
Workshops Clássicos,WORKSHOP #20 | Pipeline GenAI Avançado N8N,https://jornadadedados.alpaclass.com/c/cursos/1qNnB5?from=contents,175009,Conteúdo,947809,Parte 02,tSqPur,https://jornadadedados.alpaclass.com/c/cursos/1qNnB5?lessonSlug=tSqPur
Workshops Clássicos,WORKSHOP #20 | Pipeline GenAI Avançado N8N,https://jornadadedados.alpaclass.com/c/cursos/1qNnB5?from=contents,175009,Conteúdo,947808,Parte 01,uU1R3l,https://jornadadedados.alpaclass.com/c/cursos/1qNnB5?lessonSlug=uU1R3l
Workshops Clássicos,WORKSHOP #20 | Pipeline GenAI Avançado N8N,https://jornadadedados.alpaclass.com/c/cursos/1qNnB5?from=contents,175009,Conteúdo,947810,Parte 03,RwQbp0,https://jornadadedados.alpaclass.com/c/cursos/1qNnB5?lessonSlug=RwQbp0
Workshops Clássicos,"Construa Data Apps Completos com Briefer, SQL e Python – Workshop com Lucas da Costa CEO da Briefer",https://jornadadedados.alpaclass.com/c/cursos/6XF9sO?from=contents,156009,"Construa Data Apps Completos com Briefer, SQL e Python – Workshop com Lucas da Costa CEO da Briefer",831953,Conteúdo,S64A3x,https://jornadadedados.alpaclass.com/c/cursos/6XF9sO?lessonSlug=S64A3x
Workshops Clássicos,"Construa Data Apps Completos com Briefer, SQL e Python – Workshop com Lucas da Costa CEO da Briefer",https://jornadadedados.alpaclass.com/c/cursos/6XF9sO?from=contents,209554,Workshop Bônus,1125661,íntegra,ZUf6dR,https://jornadadedados.alpaclass.com/c/cursos/6XF9sO?lessonSlug=ZUf6dR
Plantão da Jornada,Plantão da Jornada com Luciano Galvão,https://jornadadedados.alpaclass.com/c/cursos/RVmSUC?from=contents,209286,Plantão 11/09,1124115,Íntegra,DSPhqZ,https://jornadadedados.alpaclass.com/c/cursos/RVmSUC?lessonSlug=DSPhqZ
Plantão da Jornada,Plantão da Jornada com Caio Machado,https://jornadadedados.alpaclass.com/c/cursos/dL9qM4?from=contents,207724,Tira dúvidas 28/08,1117018,Íntegra,IVeKZT,https://jornadadedados.alpaclass.com/c/cursos/dL9qM4?lessonSlug=IVeKZT
Plantão da Jornada,Plantão da Jornada com Alan Lanceloth,https://jornadadedados.alpaclass.com/c/cursos/tRnWnf?from=contents,207743,Monitoria 04/09,1117126,Íntegra,16T5mJ,https://jornadadedados.alpaclass.com/c/cursos/tRnWnf?lessonSlug=16T5mJ
Projeto end-to-end,"Pipeline ETL - Web Scraping com Requests e Beautiful Soup 4 | Python, SQL e Github |",https://jornadadedados.alpaclass.com/c/cursos/yrlh19?from=contents,156019,"Pipeline ETL - Web Scraping com Requests e Beautiful Soup 4 | Python, SQL e Github |",831973,Parte 01,rX6GE4,https://jornadadedados.alpaclass.com/c/cursos/yrlh19?lessonSlug=rX6GE4
Projeto end-to-end,"Pipeline ETL - Web Scraping com Requests e Beautiful Soup 4 | Python, SQL e Github |",https://jornadadedados.alpaclass.com/c/cursos/yrlh19?from=contents,156019,"Pipeline ETL - Web Scraping com Requests e Beautiful Soup 4 | Python, SQL e Github |",831974,Parte 02,ZaDgJm,https://jornadadedados.alpaclass.com/c/cursos/yrlh19?lessonSlug=ZaDgJm
Projeto end-to-end,"Pipeline ETL - Web Scraping com Requests e Beautiful Soup 4 | Python, SQL e Github |",https://jornadadedados.alpaclass.com/c/cursos/yrlh19?from=contents,156019,"Pipeline ETL - Web Scraping com Requests e Beautiful Soup 4 | Python, SQL e Github |",831975,Parte 03,KTJz6W,https://jornadadedados.alpaclass.com/c/cursos/yrlh19?lessonSlug=KTJz6W
Projeto end-to-end,"Aprenda AWS, AZURE e GCP - Pipeline de dados com Airflow e Containers",https://jornadadedados.alpaclass.com/c/cursos/IILOlE?from=contents,155985,"Aprenda AWS, AZURE e GCP",831848,Conteúdo,xb7Qq5,https://jornadadedados.alpaclass.com/c/cursos/IILOlE?lessonSlug=xb7Qq5
Projeto end-to-end,"Pipeline de Dados com GA4 e Typeform: ETL com Python, SQL e Cursor AI para vender + na Black Friday",https://jornadadedados.alpaclass.com/c/cursos/Z8s7pZ?from=contents,156017,"Pipeline de Dados com GA4 e Typeform: ETL com Python, SQL e Cursor AI para vender + na Black Friday",831969,Parte 01,1OoYyF,https://jornadadedados.alpaclass.com/c/cursos/Z8s7pZ?lessonSlug=1OoYyF
Projeto end-to-end,"Pipeline de Dados com GA4 e Typeform: ETL com Python, SQL e Cursor AI para vender + na Black Friday",https://jornadadedados.alpaclass.com/c/cursos/Z8s7pZ?from=contents,156017,"Pipeline de Dados com GA4 e Typeform: ETL com Python, SQL e Cursor AI para vender + na Black Friday",831971,Parte 03,VEcbqD,https://jornadadedados.alpaclass.com/c/cursos/Z8s7pZ?lessonSlug=VEcbqD
Projeto end-to-end,"Pipeline de Dados com GA4 e Typeform: ETL com Python, SQL e Cursor AI para vender + na Black Friday",https://jornadadedados.alpaclass.com/c/cursos/Z8s7pZ?from=contents,156017,"Pipeline de Dados com GA4 e Typeform: ETL com Python, SQL e Cursor AI para vender + na Black Friday",831970,Parte 02,RUzrSZ,https://jornadadedados.alpaclass.com/c/cursos/Z8s7pZ?lessonSlug=RUzrSZ
Projeto end-to-end,"Como sair do ZERO com DATAOPS e fazer seu DEPLOY - Git, Cloud, AWS, Docker e Terraform",https://jornadadedados.alpaclass.com/c/cursos/hJFv2D?from=contents,155986,Como sair do ZERO com DATAOPS,831849,Conteúdo,yqtN3V,https://jornadadedados.alpaclass.com/c/cursos/hJFv2D?lessonSlug=yqtN3V
Projeto end-to-end,"Pipeline ETL Python - Converter PDFs em dados estruturados: Pandas, Camelot, PDFminer, Github e SQL",https://jornadadedados.alpaclass.com/c/cursos/KH0Gjr?from=contents,156018,"Pipeline ETL Python - Converter PDFs em dados estruturados: Pandas, Camelot, PDFminer, Github e SQL",831972,Conteúdo,BMXpGW,https://jornadadedados.alpaclass.com/c/cursos/KH0Gjr?lessonSlug=BMXpGW
Projeto end-to-end,1 Bilhão de Linhas,https://jornadadedados.alpaclass.com/c/cursos/wePjhL?from=contents,135972,Workshop ,718109,"Pipeline ETL Python - 1 Bilhão de linhas com Pandas, Polars, PySpark e Duckdb",TgSe7Y,https://jornadadedados.alpaclass.com/c/cursos/wePjhL?lessonSlug=TgSe7Y
Projeto end-to-end,Monitoramento de Preços de Commodities com SQL e dbt-core (Data Warehouse),https://jornadadedados.alpaclass.com/c/cursos/2X13Iw?from=contents,135983,Workshop,718179,Pipeline ETL Python - Monitoramento de Preços de Commodities com SQL e dbt-core (Data Warehouse),b78Pjj,https://jornadadedados.alpaclass.com/c/cursos/2X13Iw?lessonSlug=b78Pjj
Projeto end-to-end,Web Scraping com Scrapy,https://jornadadedados.alpaclass.com/c/cursos/LoKjZb?from=contents,135988,Workshop,718205,Pipeline ETL Python - Web Scraping com Scrapy,JQBozc,https://jornadadedados.alpaclass.com/c/cursos/LoKjZb?lessonSlug=JQBozc
Projeto end-to-end,Pipeline ETL Gen AI com Open AI,https://jornadadedados.alpaclass.com/c/cursos/i5a27H?from=contents,141682,Workshop,755440,Parte 01,alncdR,https://jornadadedados.alpaclass.com/c/cursos/i5a27H?lessonSlug=alncdR
Projeto end-to-end,Pipeline ETL Gen AI com Open AI,https://jornadadedados.alpaclass.com/c/cursos/i5a27H?from=contents,141682,Workshop,755441,Parte 02,SvAUK6,https://jornadadedados.alpaclass.com/c/cursos/i5a27H?lessonSlug=SvAUK6
Projeto end-to-end,Pipeline ETL Gen AI com Open AI,https://jornadadedados.alpaclass.com/c/cursos/i5a27H?from=contents,141682,Workshop,755442,Parte Final,DbJNKF,https://jornadadedados.alpaclass.com/c/cursos/i5a27H?lessonSlug=DbJNKF
Workshop com convidado,Como sair do ZERO em Observabilidade com Logfire - Solução Pydantic e Open Source,https://jornadadedados.alpaclass.com/c/cursos/eYO8Sn?from=contents,156008,Como sair do ZERO em Observabilidade com Logfire - Solução Pydantic e Open Source,831952,Conteúdo,dbzK1b,https://jornadadedados.alpaclass.com/c/cursos/eYO8Sn?lessonSlug=dbzK1b
Workshop com convidado,dbt no Airflow - Como melhorar o desempenho do seu deploy de forma correta,https://jornadadedados.alpaclass.com/c/cursos/j7ARHl?from=contents,156023,dbt no Airflow - Como melhorar o desempenho do seu deploy de forma correta,831981,Conteúdo,VkqlSy,https://jornadadedados.alpaclass.com/c/cursos/j7ARHl?lessonSlug=VkqlSy
Workshop com convidado,Python ou Power BI: Qual é melhor? Construindo o mesmo dashboard em 1 hora!,https://jornadadedados.alpaclass.com/c/cursos/Yp1RTW?from=contents,156020,Python ou Power BI: Qual é melhor? Construindo o mesmo dashboard em 1 hora!,831977,Conteúdo,n8O97Y,https://jornadadedados.alpaclass.com/c/cursos/Yp1RTW?lessonSlug=n8O97Y
Workshop com convidado,Como criar do ZERO um Lakehouse | Abertura Data Mesh Nilton Ueda,https://jornadadedados.alpaclass.com/c/cursos/8BNxsy?from=contents,156015,Como criar do ZERO um Lakehouse | Abertura Data Mesh Nilton Ueda,831966,Conteúdo,d9Rq5F,https://jornadadedados.alpaclass.com/c/cursos/8BNxsy?lessonSlug=d9Rq5F
Workshop com convidado,DuckDB do Zero ao Deploy,https://jornadadedados.alpaclass.com/c/cursos/BZSPXe?from=contents,135991,Workshop,718211,Participação Mehdi Ouazza,eS2mcD,https://jornadadedados.alpaclass.com/c/cursos/BZSPXe?lessonSlug=eS2mcD
Workshop com convidado,DuckDB do Zero ao Deploy,https://jornadadedados.alpaclass.com/c/cursos/BZSPXe?from=contents,135991,Workshop,718212,Parte 2,3h5JVz,https://jornadadedados.alpaclass.com/c/cursos/BZSPXe?lessonSlug=3h5JVz
Workshop com convidado,Modern Data Stack com SQL,https://jornadadedados.alpaclass.com/c/cursos/YO559h?from=contents,135994,Workshop,718227,Modern Data Stack com SQL - Parte 1 de 3 com Marc Lamberti‬,ThltKX,https://jornadadedados.alpaclass.com/c/cursos/YO559h?lessonSlug=ThltKX
Workshop com convidado,Modern Data Stack com SQL,https://jornadadedados.alpaclass.com/c/cursos/YO559h?from=contents,135994,Workshop,718229,Modern Data Stack com SQL - Parte 3 de 3,TbmRhL,https://jornadadedados.alpaclass.com/c/cursos/YO559h?lessonSlug=TbmRhL
Workshop com convidado,Modern Data Stack com SQL,https://jornadadedados.alpaclass.com/c/cursos/YO559h?from=contents,135994,Workshop,718228,Modern Data Stack com SQL - Parte 2 de 3,jj1Xel,https://jornadadedados.alpaclass.com/c/cursos/YO559h?lessonSlug=jj1Xel
Workshop com convidado,Como sair do ZERO no DATABRICKS -  ETL com Data Lakehouse,https://jornadadedados.alpaclass.com/c/cursos/Qs9Je4?from=contents,135997,Workshop,718234,Como sair do ZERO no DATABRICKS - ETL com Data Lakehouse com Téo Calvo,zLajs7,https://jornadadedados.alpaclass.com/c/cursos/Qs9Je4?lessonSlug=zLajs7
Workshop com convidado,"Como sair do ZERO com DATAOPS e fazer seu DEPLOY - Git, Cloud, AWS, Docker e Terraform",https://jornadadedados.alpaclass.com/c/cursos/NxNuZC?from=contents,156013,"Como sair do ZERO com DATAOPS e fazer seu DEPLOY - Git, Cloud, AWS, Docker e Terraform",831958,Conteúdo,u3VtFE,https://jornadadedados.alpaclass.com/c/cursos/NxNuZC?lessonSlug=u3VtFE
Workshop com convidado,Como sair do ZERO com SQL na AWS - ETL Parquet S3 Athena e Glue,https://jornadadedados.alpaclass.com/c/cursos/XuLHoz?from=contents,156021,Como sair do ZERO com SQL na AWS - ETL Parquet S3 Athena e Glue,831979,Conteúdo,8G0gLl,https://jornadadedados.alpaclass.com/c/cursos/XuLHoz?lessonSlug=8G0gLl
Workshop com convidado,Crie pipelines CI/CD com dbt e github actions | Participação Bruno Souza,https://jornadadedados.alpaclass.com/c/cursos/74UF0Q?from=contents,135998,Workshop,718242,Crie pipelines CI/CD com dbt e github actions | Participação Bruno Souza,GTu60O,https://jornadadedados.alpaclass.com/c/cursos/74UF0Q?lessonSlug=GTu60O
Workshop com convidado,Orquestrando pipelines  com dbt-core e Airflow | Participação Bruno Souza,https://jornadadedados.alpaclass.com/c/cursos/7hy9CN?from=contents,135999,Workshop,718244,Orquestrando pipelines com dbt-core e Airflow | Participação Bruno Souza,HRe82V,https://jornadadedados.alpaclass.com/c/cursos/7hy9CN?lessonSlug=HRe82V
Quem sabe faz ao vivo!,"Construindo um Pipeline ETL em Tempo Real com Kafka, PostgreSQL e Streamlit",https://jornadadedados.alpaclass.com/c/cursos/8MNo5R?from=contents,156010,"Construindo um Pipeline ETL em Tempo Real com Kafka, PostgreSQL e Streamlit",831955,Conteúdo,Vdywi4,https://jornadadedados.alpaclass.com/c/cursos/8MNo5R?lessonSlug=Vdywi4
Quem sabe faz ao vivo!,"Como criar do ZERO um Lakehouse com Data Mesh | AWS, duckdb, Taipy, dbt-core",https://jornadadedados.alpaclass.com/c/cursos/rOyyWx?from=contents,156011,"Como criar do ZERO um Lakehouse com Data Mesh | AWS, duckdb, Taipy, dbt-core",831956,Conteúdo,7y1OI5,https://jornadadedados.alpaclass.com/c/cursos/rOyyWx?lessonSlug=7y1OI5
Quem sabe faz ao vivo!,"Plataforma com Big Query do Zero usando Python, Airflow, dbt, soda e docker | Participação Alan Lanceloth",https://jornadadedados.alpaclass.com/c/cursos/K13sFM?from=contents,136002,Workshop,718257,"Plataforma com Big Query do Zero usando Python, Airflow, dbt, soda e docker | Participação Alan Lanceloth",FmVSBJ,https://jornadadedados.alpaclass.com/c/cursos/K13sFM?lessonSlug=FmVSBJ
Quem sabe faz ao vivo!,Qualidade de dados em ETL com Pandera e Python: Um Guia para Contrato de Dados | Participação Renan Heckert,https://jornadadedados.alpaclass.com/c/cursos/QfNFbr?from=contents,136001,Workshop,718250,Qualidade de dados em ETL com Pandera e Python: Um Guia para Contrato de Dados | Renan Heckert,uzd37O,https://jornadadedados.alpaclass.com/c/cursos/QfNFbr?lessonSlug=uzd37O
WSL,Monitoria WSL,https://jornadadedados.alpaclass.com/c/cursos/44bI5W?from=contents,144197,Aula,769630,Conteúdo,ttN75e,https://jornadadedados.alpaclass.com/c/cursos/44bI5W?lessonSlug=ttN75e
WSL,Monitoria WSL,https://jornadadedados.alpaclass.com/c/cursos/44bI5W?from=contents,149751,Monitoria 16/10,802327,Conteúdo,PxxFFJ,https://jornadadedados.alpaclass.com/c/cursos/44bI5W?lessonSlug=PxxFFJ
